"Table 3123: Trains planned and cancellations by operator and cause, Great Britain, quarterly data, April 2019 to September 2025 [p] [r]",,,,,,,,,,,,,,,
This worksheet contains one table. Some cells refer to notes which can be found on the notes worksheet.,,,,,,,,,,,,,,,
"Some shorthand is used in this table,  [p] = provisional data, [r] = revised data, [z] = data not applicable, [x] = data not available",,,,,,,,,,,,,,,
Time period,National or Operator,Number of trains planned ,Number of trains part cancelled,Number of trains full cancelled,Cancellations,"Cancellations by responsibility, infrastructure and network management","Cancellations by responsibility, infrastructure owner external event","Cancellations by responsibility, train operator fault","Cancellations by responsibility, operator external event","Quarterly cancellations
(percentage) ","Moving annual average cancellations 
(percentage)",,,,
Apr to Jun 2019,Great Britain,"1,967,448","30,508","32,320","47,574",[x],[x],[x],[x],2.4,[z],,,,
Jul to Sep 2019,Great Britain,"2,000,507","40,043","47,500","67,522",[x],[x],[x],[x],3.4,[z],,,,
Oct to Dec 2019,Great Britain,"1,933,648","47,351","55,453","79,129",[x],[x],[x],[x],4.1,[z],,,,
Jan to Mar 2020,Great Britain,"1,892,353","42,393","50,039","71,236",[x],[x],[x],[x],3.8,3.4,,,,
Apr to Jun 2020,Great Britain,"1,246,164","10,302","10,242","15,393",[x],[x],[x],[x],1.2,3.3,,,,
Jul to Sep 2020,Great Britain,"1,645,410","20,357","24,708","34,886",[x],[x],[x],[x],2.1,3.0,,,,
Oct to Dec 2020,Great Britain,"1,718,776","24,521","28,290","40,550",[x],[x],[x],[x],2.4,2.5,,,,
Jan to Mar 2021,Great Britain,"1,495,811","21,688","24,800","35,644",[x],[x],[x],[x],2.4,2.1,,,,
Apr to Jun 2021,Great Britain,"1,626,284","23,227","25,658","37,271",[x],[x],[x],[x],2.3,2.3,,,,
Jul to Sep 2021,Great Britain,"1,714,242","27,441","43,794","57,514",[x],[x],[x],[x],3.4,2.6,,,,
Oct to Dec 2021,Great Britain,"1,715,508","33,110","47,129","63,684",[x],[x],[x],[x],3.7,3.0,,,,
Jan to Mar 2022,Great Britain,"1,637,200","29,054","48,853","63,380",[x],[x],[x],[x],3.9,3.3,,,,
Apr to Jun 2022,Great Britain,"1,667,742","28,151","37,953","52,028",[x],[x],[x],[x],3.1,3.5,,,,
Jul to Sep 2022,Great Britain,"1,708,591","35,014","52,194","69,701",[x],[x],[x],[x],4.1,3.7,,,,
Oct to Dec 2022,Great Britain,"1,562,628","36,011","51,396","69,402",[x],[x],[x],[x],4.4,3.9,,,,
Jan to Mar 2023,Great Britain,"1,692,384","33,031","40,655","57,170",[x],[x],[x],[x],3.4,3.7,,,,
Apr to Jun 2023,Great Britain,"1,755,525","33,330","40,965","57,630",[x],[x],[x],[x],3.3,3.8,,,,
Jul to Sep 2023,Great Britain,"1,752,384","33,249","44,832","61,456",[x],[x],[x],[x],3.5,3.6,,,,
Oct to Dec 2023,Great Britain,"1,778,029","45,287","63,831","86,474",[x],[x],[x],[x],4.9,3.8,,,,
Jan to Mar 2024,Great Britain,"1,800,461","36,055","41,743","59,770",[x],[x],[x],[x],3.3,3.7,,,,
Apr to Jun 2024,Great Britain,"1,836,359","36,529","45,896","64,161",[x],[x],[x],[x],3.5,3.8,,,,
Jul to Sep 2024,Great Britain,"1,856,507","43,353","56,845","78,521",[x],[x],[x],[x],4.2,4.0,,,,
Oct to Dec 2024,Great Britain,"1,842,688","48,347","69,970","94,143",[x],[x],[x],[x],5.1,4.0,,,,
Jan to Mar 2025,Great Britain,"1,855,045","39,234","44,078","63,696",[x],[x],[x],[x],3.4,4.1,,,,
Apr to Jun 2025,Great Britain,"1,904,258","39,270","41,008","60,643",[x],[x],[x],[x],3.2,4.0,,,,
Jul to Sep 2025,Great Britain,"1,934,719","43,247","50,876","72,499",[x],[x],[x],[x],3.7,3.9,,,,
Apr to Jun 2019,England and Wales,"1,763,208","28,233","27,707","41,823",[x],[x],[x],[x],2.4,[z],,,,
Jul to Sep 2019,England and Wales,"1,796,480","37,751","44,020","62,895",[x],[x],[x],[x],3.5,[z],,,,
Oct to Dec 2019,England and Wales,"1,735,931","44,543","51,756","74,028",[x],[x],[x],[x],4.3,[z],,,,
Jan to Mar 2020,England and Wales,"1,699,690","40,069","46,760","66,794",[x],[x],[x],[x],3.9,3.5,,,,
Apr to Jun 2020,England and Wales,"1,145,956","9,759","9,468","14,347",[x],[x],[x],[x],1.3,3.4,,,,
Jul to Sep 2020,England and Wales,"1,479,971","18,937","21,398","30,866",[x],[x],[x],[x],2.1,3.1,,,,
Oct to Dec 2020,England and Wales,"1,539,499","22,480","25,673","36,914",[x],[x],[x],[x],2.4,2.5,,,,
Jan to Mar 2021,England and Wales,"1,350,521","19,765","22,139","32,021",[x],[x],[x],[x],2.4,2.1,,,,
Apr to Jun 2021,England and Wales,"1,480,170","22,035","23,810","34,828",[x],[x],[x],[x],2.4,2.3,,,,
Jul to Sep 2021,England and Wales,"1,555,619","25,772","40,362","53,248",[x],[x],[x],[x],3.4,2.6,,,,
Oct to Dec 2021,England and Wales,"1,553,712","30,857","42,345","57,774",[x],[x],[x],[x],3.7,3.0,,,,
Jan to Mar 2022,England and Wales,"1,477,269","27,240","45,103","58,723",[x],[x],[x],[x],4.0,3.4,,,,
Apr to Jun 2022,England and Wales,"1,524,922","26,860","35,073","48,503",[x],[x],[x],[x],3.2,3.6,,,,
Jul to Sep 2022,England and Wales,"1,548,009","33,459","49,272","66,002",[x],[x],[x],[x],4.3,3.8,,,,
Oct to Dec 2022,England and Wales,"1,406,839","33,797","45,156","62,054",[x],[x],[x],[x],4.4,3.9,,,,
Jan to Mar 2023,England and Wales,"1,518,942","31,404","37,622","53,324",[x],[x],[x],[x],3.5,3.8,,,,
Apr to Jun 2023,England and Wales,"1,575,637","31,641","38,255","54,075",[x],[x],[x],[x],3.4,3.9,,,,
Jul to Sep 2023,England and Wales,"1,572,814","31,661","41,789","57,620",[x],[x],[x],[x],3.7,3.7,,,,
Oct to Dec 2023,England and Wales,"1,603,879","43,069","59,277","80,811",[x],[x],[x],[x],5.0,3.9,,,,
Jan to Mar 2024,England and Wales,"1,623,468","34,427","38,934","56,147",[x],[x],[x],[x],3.5,3.9,,,,
Apr to Jun 2024,England and Wales,"1,651,952","35,128","43,246","60,810",[x],[x],[x],[x],3.7,4.0,,,,
Jul to Sep 2024,England and Wales,"1,710,788","42,151","54,643","75,719",[x],[x],[x],[x],4.4,4.1,,,,
Oct to Dec 2024,England and Wales,"1,663,406","46,192","66,256","89,352",[x],[x],[x],[x],5.4,4.2,,,,
Jan to Mar 2025,England and Wales,"1,678,984","37,643","41,594","60,416",[x],[x],[x],[x],3.6,4.3,,,,
Apr to Jun 2025,England and Wales,"1,716,852","37,650","38,733","57,558",[x],[x],[x],[x],3.4,4.2,,,,
Jul to Sep 2025,England and Wales,"1,745,551","41,283","47,266","67,908",[x],[x],[x],[x],3.9,4.0,,,,
Apr to Jun 2019,Scotland,"204,240","2,275","4,613","5,751",[x],[x],[x],[x],2.8,[z],,,,
Jul to Sep 2019,Scotland,"204,027","2,292","3,481","4,627",[x],[x],[x],[x],2.3,[z],,,,
Oct to Dec 2019,Scotland,"197,717","2,808","3,697","5,102",[x],[x],[x],[x],2.6,[z],,,,
Jan to Mar 2020,Scotland,"192,663","2,325","3,280","4,442",[x],[x],[x],[x],2.3,2.5,,,,
Apr to Jun 2020,Scotland,"100,208",543,774,"1,045",[x],[x],[x],[x],1.0,2.2,,,,
Jul to Sep 2020,Scotland,"165,438","1,420","3,310","4,020",[x],[x],[x],[x],2.4,2.2,,,,
Oct to Dec 2020,Scotland,"179,277","2,041","2,616","3,637",[x],[x],[x],[x],2.0,2.1,,,,
Jan to Mar 2021,Scotland,"145,289","1,923","2,661","3,623",[x],[x],[x],[x],2.5,2.1,,,,
Apr to Jun 2021,Scotland,"146,114","1,192","1,847","2,443",[x],[x],[x],[x],1.7,2.2,,,,
Jul to Sep 2021,Scotland,"158,623","1,669","3,432","4,267",[x],[x],[x],[x],2.7,2.2,,,,
Oct to Dec 2021,Scotland,"161,796","2,253","4,784","5,910",[x],[x],[x],[x],3.7,2.7,,,,
Jan to Mar 2022,Scotland,"159,931","1,814","3,750","4,657",[x],[x],[x],[x],2.9,2.8,,,,
Apr to Jun 2022,Scotland,"142,820","1,291","2,880","3,525",[x],[x],[x],[x],2.5,2.9,,,,
Jul to Sep 2022,Scotland,"160,582","1,554","2,922","3,699",[x],[x],[x],[x],2.3,2.8,,,,
Oct to Dec 2022,Scotland,"155,789","2,214","6,240","7,347",[x],[x],[x],[x],4.7,3.1,,,,
Jan to Mar 2023,Scotland,"173,443","1,628","3,033","3,847",[x],[x],[x],[x],2.2,2.9,,,,
Apr to Jun 2023,Scotland,"179,888","1,689","2,711","3,555",[x],[x],[x],[x],2.0,2.8,,,,
Jul to Sep 2023,Scotland,"179,570","1,587","3,042","3,836",[x],[x],[x],[x],2.1,2.7,,,,
Oct to Dec 2023,Scotland,"174,149","2,218","4,554","5,663",[x],[x],[x],[x],3.3,2.4,,,,
Jan to Mar 2024,Scotland,"176,993","1,628","2,809","3,623",[x],[x],[x],[x],2.0,2.3,,,,
Apr to Jun 2024,Scotland,"184,407","1,400","2,651","3,351",[x],[x],[x],[x],1.8,2.3,,,,
Jul to Sep 2024,Scotland,"145,719","1,201","2,202","2,802",[x],[x],[x],[x],1.9,2.3,,,,
Oct to Dec 2024,Scotland,"179,282","2,155","3,714","4,791",[x],[x],[x],[x],2.7,2.1,,,,
Jan to Mar 2025,Scotland,"176,060","1,591","2,485","3,280",[x],[x],[x],[x],1.9,2.1,,,,
Apr to Jun 2025,Scotland,"187,407","1,619","2,275","3,085",[x],[x],[x],[x],1.6,2.0,,,,
Jul to Sep 2025,Scotland,"189,168","1,964","3,610","4,592",[x],[x],[x],[x],2.4,2.2,,,,
Apr to Jun 2019,Avanti West Coast,"25,267",247,250,374,[x],[x],[x],[x],1.5,[z],,,,
Jul to Sep 2019,Avanti West Coast,"26,400",384,509,701,[x],[x],[x],[x],2.7,[z],,,,
Oct to Dec 2019,Avanti West Coast,"26,071",414,569,776,[x],[x],[x],[x],3.0,[z],,,,
Jan to Mar 2020,Avanti West Coast,"24,798",494,899,"1,146",[x],[x],[x],[x],4.6,2.9,,,,
Apr to Jun 2020,Avanti West Coast,"15,585",117,128,186,[x],[x],[x],[x],1.2,3.0,,,,
Jul to Sep 2020,Avanti West Coast,"23,840",241,460,580,[x],[x],[x],[x],2.4,3.0,,,,
Oct to Dec 2020,Avanti West Coast,"21,775",253,282,409,[x],[x],[x],[x],1.9,2.7,,,,
Jan to Mar 2021,Avanti West Coast,"15,049",278,217,356,[x],[x],[x],[x],2.4,2.0,,,,
Apr to Jun 2021,Avanti West Coast,"17,590",273,278,414,[x],[x],[x],[x],2.4,2.2,,,,
Jul to Sep 2021,Avanti West Coast,"18,823",275,401,538,[x],[x],[x],[x],2.9,2.3,,,,
Oct to Dec 2021,Avanti West Coast,"20,119",498,860,"1,109",[x],[x],[x],[x],5.5,3.4,,,,
Jan to Mar 2022,Avanti West Coast,"17,734",358,651,830,[x],[x],[x],[x],4.7,3.9,,,,
Apr to Jun 2022,Avanti West Coast,"19,875",460,"1,326","1,556",[x],[x],[x],[x],7.8,5.3,,,,
Jul to Sep 2022,Avanti West Coast,"17,385",678,"1,754","2,094",[x],[x],[x],[x],12.0,7.4,,,,
Oct to Dec 2022,Avanti West Coast,"14,796",651,"1,221","1,547",[x],[x],[x],[x],10.5,8.6,,,,
Jan to Mar 2023,Avanti West Coast,"20,337",534,"1,082","1,349",[x],[x],[x],[x],6.6,9.0,,,,
Apr to Jun 2023,Avanti West Coast,"20,231",406,508,711,[x],[x],[x],[x],3.5,7.8,,,,
Jul to Sep 2023,Avanti West Coast,"19,556",443,541,763,[x],[x],[x],[x],3.9,5.8,,,,
Oct to Dec 2023,Avanti West Coast,"21,055",958,"1,893","2,373",[x],[x],[x],[x],11.3,6.4,,,,
Jan to Mar 2024,Avanti West Coast,"21,457",718,"1,527","1,886",[x],[x],[x],[x],8.8,7.0,,,,
Apr to Jun 2024,Avanti West Coast,"21,518",719,"1,315","1,674",[x],[x],[x],[x],7.8,8.0,,,,
Jul to Sep 2024,Avanti West Coast,"22,518",668,949,"1,282",[x],[x],[x],[x],5.7,8.3,,,,
Oct to Dec 2024,Avanti West Coast,"21,710",654,"1,167","1,494",[x],[x],[x],[x],6.9,7.3,,,,
Jan to Mar 2025,Avanti West Coast,"22,955",595,831,"1,128",[x],[x],[x],[x],4.9,6.3,,,,
Apr to Jun 2025,Avanti West Coast,"22,928",598,577,876,[x],[x],[x],[x],3.8,5.3,,,,
Jul to Sep 2025,Avanti West Coast,"24,454",649,758,"1,083",[x],[x],[x],[x],4.4,5.0,,,,
Apr to Jun 2019,c2c,"31,795",237,257,376,[x],[x],[x],[x],1.2,[z],,,,
Jul to Sep 2019,c2c,"30,612",373,271,458,[x],[x],[x],[x],1.5,[z],,,,
Oct to Dec 2019,c2c,"31,091",586,467,760,[x],[x],[x],[x],2.4,[z],,,,
Jan to Mar 2020,c2c,"29,787",253,189,316,[x],[x],[x],[x],1.1,1.5,,,,
Apr to Jun 2020,c2c,"22,082",193,107,203,[x],[x],[x],[x],0.9,1.5,,,,
Jul to Sep 2020,c2c,"30,643",237,168,287,[x],[x],[x],[x],0.9,1.4,,,,
Oct to Dec 2020,c2c,"26,548",192,123,219,[x],[x],[x],[x],0.8,0.9,,,,
Jan to Mar 2021,c2c,"21,870",239,214,333,[x],[x],[x],[x],1.5,1.0,,,,
Apr to Jun 2021,c2c,"25,745",263,226,357,[x],[x],[x],[x],1.4,1.1,,,,
Jul to Sep 2021,c2c,"27,157",308,226,380,[x],[x],[x],[x],1.4,1.3,,,,
Oct to Dec 2021,c2c,"26,053",291,156,301,[x],[x],[x],[x],1.2,1.4,,,,
Jan to Mar 2022,c2c,"25,327",231,225,341,[x],[x],[x],[x],1.3,1.3,,,,
Apr to Jun 2022,c2c,"25,520",369,279,463,[x],[x],[x],[x],1.8,1.4,,,,
Jul to Sep 2022,c2c,"26,513",436,317,535,[x],[x],[x],[x],2.0,1.6,,,,
Oct to Dec 2022,c2c,"24,246",528,278,542,[x],[x],[x],[x],2.2,1.9,,,,
Jan to Mar 2023,c2c,"26,062",401,213,414,[x],[x],[x],[x],1.6,1.9,,,,
Apr to Jun 2023,c2c,"26,710",388,185,379,[x],[x],[x],[x],1.4,1.8,,,,
Jul to Sep 2023,c2c,"27,083",276,219,357,[x],[x],[x],[x],1.3,1.6,,,,
Oct to Dec 2023,c2c,"25,788",328,192,355,[x],[x],[x],[x],1.4,1.4,,,,
Jan to Mar 2024,c2c,"26,656",300,254,404,[x],[x],[x],[x],1.5,1.4,,,,
Apr to Jun 2024,c2c,"27,260",378,270,459,[x],[x],[x],[x],1.7,1.5,,,,
Jul to Sep 2024,c2c,"30,416",286,296,439,[x],[x],[x],[x],1.4,1.5,,,,
Oct to Dec 2024,c2c,"29,152",381,235,425,[x],[x],[x],[x],1.5,1.5,,,,
Jan to Mar 2025,c2c,"29,204",434,416,633,[x],[x],[x],[x],2.2,1.7,,,,
Apr to Jun 2025,c2c,"29,524",362,338,519,[x],[x],[x],[x],1.8,1.7,,,,
Jul to Sep 2025,c2c,"30,121",367,228,412,[x],[x],[x],[x],1.4,1.7,,,,
Apr to Jun 2019,Caledonian Sleeper,535,9,9,14,[x],[x],[x],[x],2.6,[z],,,,
Jul to Sep 2019,Caledonian Sleeper,537,11,7,13,[x],[x],[x],[x],2.4,[z],,,,
Oct to Dec 2019,Caledonian Sleeper,507,13,9,16,[x],[x],[x],[x],3.1,[z],,,,
Jan to Mar 2020,Caledonian Sleeper,512,14,20,27,[x],[x],[x],[x],5.3,3.3,,,,
Apr to Jun 2020,Caledonian Sleeper,254,2,2,3,[x],[x],[x],[x],1.2,3.3,,,,
Jul to Sep 2020,Caledonian Sleeper,358,8,4,8,[x],[x],[x],[x],2.3,3.3,,,,
Oct to Dec 2020,Caledonian Sleeper,289,5,5,8,[x],[x],[x],[x],2.6,3.2,,,,
Jan to Mar 2021,Caledonian Sleeper,168,13,13,19,[x],[x],[x],[x],11.5,3.6,,,,
Apr to Jun 2021,Caledonian Sleeper,347,4,2,4,[x],[x],[x],[x],1.2,3.4,,,,
Jul to Sep 2021,Caledonian Sleeper,506,12,35,41,[x],[x],[x],[x],8.1,5.5,,,,
Oct to Dec 2021,Caledonian Sleeper,486,11,19,24,[x],[x],[x],[x],5.0,5.9,,,,
Jan to Mar 2022,Caledonian Sleeper,518,8,14,18,[x],[x],[x],[x],3.5,4.7,,,,
Apr to Jun 2022,Caledonian Sleeper,487,13,6,13,[x],[x],[x],[x],2.6,4.8,,,,
Jul to Sep 2022,Caledonian Sleeper,512,11,13,18,[x],[x],[x],[x],3.6,3.7,,,,
Oct to Dec 2022,Caledonian Sleeper,481,8,7,11,[x],[x],[x],[x],2.2,3.0,,,,
Jan to Mar 2023,Caledonian Sleeper,495,11,6,11,[x],[x],[x],[x],2.2,2.7,,,,
Apr to Jun 2023,Caledonian Sleeper,483,12,9,15,[x],[x],[x],[x],3.1,2.8,,,,
Jul to Sep 2023,Caledonian Sleeper,550,4,6,8,[x],[x],[x],[x],1.4,2.2,,,,
Oct to Dec 2023,Caledonian Sleeper,515,5,22,24,[x],[x],[x],[x],4.7,2.8,,,,
Jan to Mar 2024,Caledonian Sleeper,512,9,8,13,[x],[x],[x],[x],2.5,2.9,,,,
Apr to Jun 2024,Caledonian Sleeper,529,7,5,9,[x],[x],[x],[x],1.6,2.5,,,,
Jul to Sep 2024,Caledonian Sleeper,552,0,1,1,[x],[x],[x],[x],0.2,2.2,,,,
Oct to Dec 2024,Caledonian Sleeper,519,5,5,7,[x],[x],[x],[x],1.4,1.4,,,,
Jan to Mar 2025,Caledonian Sleeper,483,6,6,9,[x],[x],[x],[x],1.9,1.2,,,,
Apr to Jun 2025,Caledonian Sleeper,526,10,16,21,[x],[x],[x],[x],3.9,1.8,,,,
Jul to Sep 2025,Caledonian Sleeper,544,12,15,21,[x],[x],[x],[x],3.9,2.8,,,,
Apr to Jun 2019,Chiltern Railways,"35,027",200,251,351,[x],[x],[x],[x],1.0,[z],,,,
Jul to Sep 2019,Chiltern Railways,"35,806",234,445,562,[x],[x],[x],[x],1.6,[z],,,,
Oct to Dec 2019,Chiltern Railways,"34,857",299,337,486,[x],[x],[x],[x],1.4,[z],,,,
Jan to Mar 2020,Chiltern Railways,"32,964",260,383,513,[x],[x],[x],[x],1.6,1.4,,,,
Apr to Jun 2020,Chiltern Railways,"20,516",121,102,163,[x],[x],[x],[x],0.8,1.4,,,,
Jul to Sep 2020,Chiltern Railways,"31,266",267,399,533,[x],[x],[x],[x],1.7,1.4,,,,
Oct to Dec 2020,Chiltern Railways,"30,454",250,405,530,[x],[x],[x],[x],1.7,1.5,,,,
Jan to Mar 2021,Chiltern Railways,"21,510",199,248,348,[x],[x],[x],[x],1.6,1.5,,,,
Apr to Jun 2021,Chiltern Railways,"27,192",265,296,429,[x],[x],[x],[x],1.6,1.7,,,,
Jul to Sep 2021,Chiltern Railways,"28,445",235,617,734,[x],[x],[x],[x],2.6,1.9,,,,
Oct to Dec 2021,Chiltern Railways,"27,351",205,358,460,[x],[x],[x],[x],1.7,1.9,,,,
Jan to Mar 2022,Chiltern Railways,"27,272",187,450,544,[x],[x],[x],[x],2.0,2.0,,,,
Apr to Jun 2022,Chiltern Railways,"26,466",215,282,389,[x],[x],[x],[x],1.5,1.9,,,,
Jul to Sep 2022,Chiltern Railways,"26,915",377,453,641,[x],[x],[x],[x],2.4,1.9,,,,
Oct to Dec 2022,Chiltern Railways,"22,530",236,217,334,[x],[x],[x],[x],1.5,1.8,,,,
Jan to Mar 2023,Chiltern Railways,"24,488",382,400,591,[x],[x],[x],[x],2.4,1.9,,,,
Apr to Jun 2023,Chiltern Railways,"25,037",327,295,459,[x],[x],[x],[x],1.8,2.0,,,,
Jul to Sep 2023,Chiltern Railways,"22,921",217,287,396,[x],[x],[x],[x],1.7,1.9,,,,
Oct to Dec 2023,Chiltern Railways,"25,464",283,446,588,[x],[x],[x],[x],2.3,2.1,,,,
Jan to Mar 2024,Chiltern Railways,"26,009",385,564,756,[x],[x],[x],[x],2.9,2.2,,,,
Apr to Jun 2024,Chiltern Railways,"26,215",196,259,357,[x],[x],[x],[x],1.4,2.1,,,,
Jul to Sep 2024,Chiltern Railways,"28,349",364,563,745,[x],[x],[x],[x],2.6,2.3,,,,
Oct to Dec 2024,Chiltern Railways,"27,005",438,606,825,[x],[x],[x],[x],3.1,2.5,,,,
Jan to Mar 2025,Chiltern Railways,"27,489",266,325,458,[x],[x],[x],[x],1.7,2.2,,,,
Apr to Jun 2025,Chiltern Railways,"27,556",239,290,410,[x],[x],[x],[x],1.5,2.2,,,,
Jul to Sep 2025,Chiltern Railways,"28,423",330,401,565,[x],[x],[x],[x],2.0,2.0,,,,
Apr to Jun 2019,CrossCountry,"25,846",598,263,562,[x],[x],[x],[x],2.2,[z],,,,
Jul to Sep 2019,CrossCountry,"25,939",872,505,942,[x],[x],[x],[x],3.6,[z],,,,
Oct to Dec 2019,CrossCountry,"25,743","1,069",735,"1,269",[x],[x],[x],[x],4.9,[z],,,,
Jan to Mar 2020,CrossCountry,"24,308",879,414,853,[x],[x],[x],[x],3.5,3.6,,,,
Apr to Jun 2020,CrossCountry,"13,980",142,57,127,[x],[x],[x],[x],0.9,3.5,,,,
Jul to Sep 2020,CrossCountry,"15,994",304,78,230,[x],[x],[x],[x],1.4,3.1,,,,
Oct to Dec 2020,CrossCountry,"15,900",287,110,253,[x],[x],[x],[x],1.6,2.1,,,,
Jan to Mar 2021,CrossCountry,"15,900",499,152,401,[x],[x],[x],[x],2.5,1.6,,,,
Apr to Jun 2021,CrossCountry,"18,521",369,311,496,[x],[x],[x],[x],2.7,2.1,,,,
Jul to Sep 2021,CrossCountry,"20,489",443,273,494,[x],[x],[x],[x],2.4,2.3,,,,
Oct to Dec 2021,CrossCountry,"19,193",528,338,602,[x],[x],[x],[x],3.1,2.7,,,,
Jan to Mar 2022,CrossCountry,"17,306",404,293,494,[x],[x],[x],[x],2.9,2.8,,,,
Apr to Jun 2022,CrossCountry,"18,837",560,592,872,[x],[x],[x],[x],4.6,3.2,,,,
Jul to Sep 2022,CrossCountry,"19,515",764,909,"1,291",[x],[x],[x],[x],6.6,4.4,,,,
Oct to Dec 2022,CrossCountry,"18,177",899,"1,422","1,872",[x],[x],[x],[x],10.3,6.1,,,,
Jan to Mar 2023,CrossCountry,"18,871",623,551,862,[x],[x],[x],[x],4.6,6.5,,,,
Apr to Jun 2023,CrossCountry,"20,384",931,910,"1,376",[x],[x],[x],[x],6.7,7.0,,,,
Jul to Sep 2023,CrossCountry,"19,556","1,068",925,"1,459",[x],[x],[x],[x],7.5,7.2,,,,
Oct to Dec 2023,CrossCountry,"19,864","1,579","1,653","2,443",[x],[x],[x],[x],12.3,7.8,,,,
Jan to Mar 2024,CrossCountry,"21,077","1,142",907,"1,478",[x],[x],[x],[x],7.0,8.4,,,,
Apr to Jun 2024,CrossCountry,"21,442","1,086",865,"1,408",[x],[x],[x],[x],6.6,8.3,,,,
Jul to Sep 2024,CrossCountry,"21,559",990,756,"1,251",[x],[x],[x],[x],5.8,7.8,,,,
Oct to Dec 2024,CrossCountry,"21,021","1,347","1,457","2,130",[x],[x],[x],[x],10.1,7.4,,,,
Jan to Mar 2025,CrossCountry,"22,172",823,758,"1,170",[x],[x],[x],[x],5.3,6.9,,,,
Apr to Jun 2025,CrossCountry,"22,720","1,114","1,172","1,729",[x],[x],[x],[x],7.6,7.2,,,,
Jul to Sep 2025,CrossCountry,"22,524","1,138","1,043","1,612",[x],[x],[x],[x],7.2,7.5,,,,
Apr to Jun 2019,East Midlands Railway,"39,917",343,313,485,[x],[x],[x],[x],1.2,[z],,,,
Jul to Sep 2019,East Midlands Railway,"39,880",403,523,725,[x],[x],[x],[x],1.8,[z],,,,
Oct to Dec 2019,East Midlands Railway,"40,106",580,604,894,[x],[x],[x],[x],2.2,[z],,,,
Jan to Mar 2020,East Midlands Railway,"39,199",408,447,651,[x],[x],[x],[x],1.7,1.7,,,,
Apr to Jun 2020,East Midlands Railway,"28,249",149,229,303,[x],[x],[x],[x],1.1,1.7,,,,
Jul to Sep 2020,East Midlands Railway,"34,720",273,293,430,[x],[x],[x],[x],1.2,1.6,,,,
Oct to Dec 2020,East Midlands Railway,"37,826",547,641,915,[x],[x],[x],[x],2.4,1.6,,,,
Jan to Mar 2021,East Midlands Railway,"34,124",411,411,616,[x],[x],[x],[x],1.8,1.7,,,,
Apr to Jun 2021,East Midlands Railway,"40,099",479,738,978,[x],[x],[x],[x],2.4,2.0,,,,
Jul to Sep 2021,East Midlands Railway,"39,595",615,814,"1,122",[x],[x],[x],[x],2.8,2.4,,,,
Oct to Dec 2021,East Midlands Railway,"38,243",631,936,"1,252",[x],[x],[x],[x],3.3,2.6,,,,
Jan to Mar 2022,East Midlands Railway,"39,564",607,839,"1,142",[x],[x],[x],[x],2.9,2.9,,,,
Apr to Jun 2022,East Midlands Railway,"40,146",547,766,"1,039",[x],[x],[x],[x],2.6,2.9,,,,
Jul to Sep 2022,East Midlands Railway,"39,822",712,"1,062","1,418",[x],[x],[x],[x],3.6,3.1,,,,
Oct to Dec 2022,East Midlands Railway,"35,025",819,758,"1,167",[x],[x],[x],[x],3.3,3.1,,,,
Jan to Mar 2023,East Midlands Railway,"38,406",583,550,841,[x],[x],[x],[x],2.2,2.9,,,,
Apr to Jun 2023,East Midlands Railway,"39,643",717,538,897,[x],[x],[x],[x],2.3,2.8,,,,
Jul to Sep 2023,East Midlands Railway,"40,397",720,635,995,[x],[x],[x],[x],2.5,2.5,,,,
Oct to Dec 2023,East Midlands Railway,"40,542","1,430","1,577","2,292",[x],[x],[x],[x],5.7,3.2,,,,
Jan to Mar 2024,East Midlands Railway,"42,150",966,758,"1,241",[x],[x],[x],[x],2.9,3.3,,,,
Apr to Jun 2024,East Midlands Railway,"41,877",974,614,"1,101",[x],[x],[x],[x],2.6,3.4,,,,
Jul to Sep 2024,East Midlands Railway,"43,382","1,077","1,068","1,606",[x],[x],[x],[x],3.7,3.7,,,,
Oct to Dec 2024,East Midlands Railway,"41,868","1,217","1,367","1,975",[x],[x],[x],[x],4.7,3.5,,,,
Jan to Mar 2025,East Midlands Railway,"42,028",935,917,"1,385",[x],[x],[x],[x],3.3,3.6,,,,
Apr to Jun 2025,East Midlands Railway,"42,406",909,749,"1,204",[x],[x],[x],[x],2.8,3.6,,,,
Jul to Sep 2025,East Midlands Railway,"43,163",900,"1,126","1,576",[x],[x],[x],[x],3.7,3.6,,,,
Apr to Jun 2019,Elizabeth line,"36,000",190,389,484,[x],[x],[x],[x],1.3,[z],,,,
Jul to Sep 2019,Elizabeth line,"36,984",214,459,566,[x],[x],[x],[x],1.5,[z],,,,
Oct to Dec 2019,Elizabeth line,"36,649",258,453,582,[x],[x],[x],[x],1.6,[z],,,,
Jan to Mar 2020,Elizabeth line,"40,784",334,579,746,[x],[x],[x],[x],1.8,1.6,,,,
Apr to Jun 2020,Elizabeth line,"35,913",410,267,472,[x],[x],[x],[x],1.3,1.6,,,,
Jul to Sep 2020,Elizabeth line,"45,277",353,452,629,[x],[x],[x],[x],1.4,1.5,,,,
Oct to Dec 2020,Elizabeth line,"43,897",456,720,948,[x],[x],[x],[x],2.2,1.7,,,,
Jan to Mar 2021,Elizabeth line,"45,199",562,525,806,[x],[x],[x],[x],1.8,1.7,,,,
Apr to Jun 2021,Elizabeth line,"46,056",625,660,973,[x],[x],[x],[x],2.1,1.9,,,,
Jul to Sep 2021,Elizabeth line,"49,447",632,600,916,[x],[x],[x],[x],1.9,2.0,,,,
Oct to Dec 2021,Elizabeth line,"48,694",855,807,"1,235",[x],[x],[x],[x],2.5,2.1,,,,
Jan to Mar 2022,Elizabeth line,"44,994",651,752,"1,078",[x],[x],[x],[x],2.4,2.2,,,,
Apr to Jun 2022,Elizabeth line [note 1],"60,563",705,745,"1,098",[x],[x],[x],[x],1.8,2.1,,,,
Jul to Sep 2022,Elizabeth line,"79,014",853,"1,088","1,515",[x],[x],[x],[x],1.9,2.1,,,,
Oct to Dec 2022,Elizabeth line,"74,435","1,016","1,580","2,088",[x],[x],[x],[x],2.8,2.2,,,,
Jan to Mar 2023,Elizabeth line,"75,341","1,135","1,763","2,330",[x],[x],[x],[x],3.1,2.4,,,,
Apr to Jun 2023,Elizabeth line,"83,876","1,465","2,344","3,076",[x],[x],[x],[x],3.7,2.9,,,,
Jul to Sep 2023,Elizabeth line,"91,136","1,415","4,070","4,778",[x],[x],[x],[x],5.2,3.8,,,,
Oct to Dec 2023,Elizabeth line,"87,927","1,684","3,014","3,856",[x],[x],[x],[x],4.4,4.2,,,,
Jan to Mar 2024,Elizabeth line,"86,010","1,267","2,115","2,749",[x],[x],[x],[x],3.2,4.1,,,,
Apr to Jun 2024,Elizabeth line,"88,970","1,135","1,873","2,441",[x],[x],[x],[x],2.7,3.9,,,,
Jul to Sep 2024,Elizabeth line,"91,326","2,100","2,801","3,851",[x],[x],[x],[x],4.2,3.6,,,,
Oct to Dec 2024,Elizabeth line,"86,923","1,624","2,397","3,209",[x],[x],[x],[x],3.7,3.5,,,,
Jan to Mar 2025,Elizabeth line,"86,013","1,927","3,325","4,289",[x],[x],[x],[x],5.0,3.9,,,,
Apr to Jun 2025,Elizabeth line,"89,498","1,467","1,610","2,344",[x],[x],[x],[x],2.6,3.9,,,,
Jul to Sep 2025,Elizabeth line,"91,637","1,897","1,968","2,917",[x],[x],[x],[x],3.2,3.6,,,,
Apr to Jun 2019,Govia Thameslink Railway,"338,783","6,915","8,336","11,793",[x],[x],[x],[x],3.5,[z],,,,
Jul to Sep 2019,Govia Thameslink Railway,"351,236","8,602","13,820","18,121",[x],[x],[x],[x],5.2,[z],,,,
Oct to Dec 2019,Govia Thameslink Railway,"339,409","9,454","11,368","16,094",[x],[x],[x],[x],4.7,[z],,,,
Jan to Mar 2020,Govia Thameslink Railway,"329,128","8,933","10,246","14,712",[x],[x],[x],[x],4.5,4.5,,,,
Apr to Jun 2020,Govia Thameslink Railway,"248,147","2,801","3,050","4,451",[x],[x],[x],[x],1.8,4.2,,,,
Jul to Sep 2020,Govia Thameslink Railway,"295,377","6,289","9,041","12,185",[x],[x],[x],[x],4.1,3.9,,,,
Oct to Dec 2020,Govia Thameslink Railway,"291,934","6,410","7,460","10,665",[x],[x],[x],[x],3.7,3.6,,,,
Jan to Mar 2021,Govia Thameslink Railway,"270,921","5,730","6,886","9,751",[x],[x],[x],[x],3.6,3.3,,,,
Apr to Jun 2021,Govia Thameslink Railway,"274,975","5,561","7,443","10,224",[x],[x],[x],[x],3.7,3.8,,,,
Jul to Sep 2021,Govia Thameslink Railway,"272,496","6,893","16,304","19,750",[x],[x],[x],[x],7.2,4.5,,,,
Oct to Dec 2021,Govia Thameslink Railway,"267,586","6,579","11,431","14,720",[x],[x],[x],[x],5.5,5.0,,,,
Jan to Mar 2022,Govia Thameslink Railway,"256,417","6,971","12,872","16,358",[x],[x],[x],[x],6.4,5.7,,,,
Apr to Jun 2022,Govia Thameslink Railway,"260,505","6,338","10,327","13,496",[x],[x],[x],[x],5.2,6.1,,,,
Jul to Sep 2022,Govia Thameslink Railway,"269,188","8,200","17,500","21,599",[x],[x],[x],[x],8.0,6.3,,,,
Oct to Dec 2022,Govia Thameslink Railway,"246,093","7,187","12,294","15,887",[x],[x],[x],[x],6.5,6.5,,,,
Jan to Mar 2023,Govia Thameslink Railway,"253,440","6,705","7,775","11,128",[x],[x],[x],[x],4.4,6.0,,,,
Apr to Jun 2023,Govia Thameslink Railway,"252,907","5,561","7,720","10,501",[x],[x],[x],[x],4.2,5.8,,,,
Jul to Sep 2023,Govia Thameslink Railway,"246,929","5,745","7,240","10,112",[x],[x],[x],[x],4.1,4.8,,,,
Oct to Dec 2023,Govia Thameslink Railway,"260,232","7,799","9,740","13,639",[x],[x],[x],[x],5.2,4.5,,,,
Jan to Mar 2024,Govia Thameslink Railway,"267,012","6,613","7,806","11,113",[x],[x],[x],[x],4.2,4.4,,,,
Apr to Jun 2024,Govia Thameslink Railway,"267,399","7,594","9,525","13,322",[x],[x],[x],[x],5.0,4.6,,,,
Jul to Sep 2024,Govia Thameslink Railway,"283,598","8,397","12,114","16,312",[x],[x],[x],[x],5.8,5.0,,,,
Oct to Dec 2024,Govia Thameslink Railway,"273,152","8,013","14,004","18,010",[x],[x],[x],[x],6.6,5.4,,,,
Jan to Mar 2025,Govia Thameslink Railway,"273,983","7,534","9,471","13,239",[x],[x],[x],[x],4.8,5.5,,,,
Apr to Jun 2025,Govia Thameslink Railway,"280,639","7,195","8,837","12,435",[x],[x],[x],[x],4.4,5.4,,,,
Jul to Sep 2025,Govia Thameslink Railway,"285,527","9,057","13,533","18,062",[x],[x],[x],[x],6.3,5.5,,,,
Apr to Jun 2019,Grand Central,"1,594",25,28,40,[x],[x],[x],[x],2.5,[z],,,,
Jul to Sep 2019,Grand Central,"1,559",21,53,64,[x],[x],[x],[x],4.1,[z],,,,
Oct to Dec 2019,Grand Central,"1,508",29,33,48,[x],[x],[x],[x],3.2,[z],,,,
Jan to Mar 2020,Grand Central,"1,334",24,36,48,[x],[x],[x],[x],3.6,3.3,,,,
Apr to Jun 2020,Grand Central [note 2],24,0,0,0,[x],[x],[x],[x],0.0,3.6,,,,
Jul to Sep 2020,Grand Central [note 2],787,8,15,19,[x],[x],[x],[x],2.4,3.1,,,,
Oct to Dec 2020,Grand Central [note 2],877,10,25,30,[x],[x],[x],[x],3.5,3.2,,,,
Jan to Mar 2021,Grand Central [note 2],132,2,1,2,[x],[x],[x],[x],1.5,2.8,,,,
Apr to Jun 2021,Grand Central,"1,090",8,15,19,[x],[x],[x],[x],1.8,2.4,,,,
Jul to Sep 2021,Grand Central,"1,338",19,20,29,[x],[x],[x],[x],2.2,2.4,,,,
Oct to Dec 2021,Grand Central,"1,413",32,31,47,[x],[x],[x],[x],3.3,2.5,,,,
Jan to Mar 2022,Grand Central,"1,498",35,31,48,[x],[x],[x],[x],3.2,2.7,,,,
Apr to Jun 2022,Grand Central,"1,576",11,41,46,[x],[x],[x],[x],2.9,2.9,,,,
Jul to Sep 2022,Grand Central,"1,711",26,106,119,[x],[x],[x],[x],7.0,4.2,,,,
Oct to Dec 2022,Grand Central,"1,514",37,57,75,[x],[x],[x],[x],5.0,4.6,,,,
Jan to Mar 2023,Grand Central,"1,494",28,71,85,[x],[x],[x],[x],5.7,5.2,,,,
Apr to Jun 2023,Grand Central,"1,626",36,107,124,[x],[x],[x],[x],7.6,6.4,,,,
Jul to Sep 2023,Grand Central,"1,606",36,86,104,[x],[x],[x],[x],6.5,6.2,,,,
Oct to Dec 2023,Grand Central,"1,669",34,111,128,[x],[x],[x],[x],7.7,6.9,,,,
Jan to Mar 2024,Grand Central,"1,571",29,75,90,[x],[x],[x],[x],5.7,6.9,,,,
Apr to Jun 2024,Grand Central,"1,794",33,37,54,[x],[x],[x],[x],3.0,5.7,,,,
Jul to Sep 2024,Grand Central,"1,781",52,43,69,[x],[x],[x],[x],3.9,5.0,,,,
Oct to Dec 2024,Grand Central,"1,670",45,51,74,[x],[x],[x],[x],4.4,4.2,,,,
Jan to Mar 2025,Grand Central,"1,616",42,36,57,[x],[x],[x],[x],3.6,3.7,,,,
Apr to Jun 2025,Grand Central,"1,749",26,36,49,[x],[x],[x],[x],2.8,3.7,,,,
Jul to Sep 2025,Grand Central,"1,792",38,48,67,[x],[x],[x],[x],3.7,3.6,,,,
Apr to Jun 2019,Great Western Railway,"136,142","1,426","1,584","2,297",[x],[x],[x],[x],1.7,[z],,,,
Jul to Sep 2019,Great Western Railway,"137,763","1,831","2,631","3,546",[x],[x],[x],[x],2.6,[z],,,,
Oct to Dec 2019,Great Western Railway,"133,096","2,095","2,895","3,942",[x],[x],[x],[x],3.0,[z],,,,
Jan to Mar 2020,Great Western Railway,"129,705","2,074","2,814","3,851",[x],[x],[x],[x],3.0,2.5,,,,
Apr to Jun 2020,Great Western Railway,"86,067",435,609,826,[x],[x],[x],[x],1.0,2.5,,,,
Jul to Sep 2020,Great Western Railway,"115,242",787,840,"1,233",[x],[x],[x],[x],1.1,2.1,,,,
Oct to Dec 2020,Great Western Railway,"125,640","1,124","2,042","2,604",[x],[x],[x],[x],2.1,1.9,,,,
Jan to Mar 2021,Great Western Railway,"102,276",822,"1,297","1,708",[x],[x],[x],[x],1.7,1.5,,,,
Apr to Jun 2021,Great Western Railway,"117,022","1,073","1,643","2,180",[x],[x],[x],[x],1.9,1.7,,,,
Jul to Sep 2021,Great Western Railway,"128,238","1,845","4,002","4,924",[x],[x],[x],[x],3.8,2.4,,,,
Oct to Dec 2021,Great Western Railway,"127,875","1,725","3,453","4,315",[x],[x],[x],[x],3.4,2.8,,,,
Jan to Mar 2022,Great Western Railway,"126,794","1,331","3,065","3,731",[x],[x],[x],[x],2.9,3.0,,,,
Apr to Jun 2022,Great Western Railway,"132,222","1,464","2,555","3,287",[x],[x],[x],[x],2.5,3.2,,,,
Jul to Sep 2022,Great Western Railway,"128,792","2,079","3,479","4,518",[x],[x],[x],[x],3.5,3.1,,,,
Oct to Dec 2022,Great Western Railway,"118,279","2,228","3,534","4,647",[x],[x],[x],[x],3.9,3.2,,,,
Jan to Mar 2023,Great Western Railway,"126,121","1,770","3,079","3,964",[x],[x],[x],[x],3.1,3.2,,,,
Apr to Jun 2023,Great Western Railway,"128,745","2,014","3,084","4,092",[x],[x],[x],[x],3.2,3.4,,,,
Jul to Sep 2023,Great Western Railway,"134,956","2,469","4,728","5,962",[x],[x],[x],[x],4.4,3.7,,,,
Oct to Dec 2023,Great Western Railway,"137,066","3,057","7,178","8,707",[x],[x],[x],[x],6.4,4.3,,,,
Jan to Mar 2024,Great Western Railway,"136,892","2,541","4,761","6,031",[x],[x],[x],[x],4.4,4.6,,,,
Apr to Jun 2024,Great Western Railway,"138,583","2,380","4,285","5,475",[x],[x],[x],[x],4.0,4.8,,,,
Jul to Sep 2024,Great Western Railway,"142,255","2,740","5,411","6,781",[x],[x],[x],[x],4.8,4.9,,,,
Oct to Dec 2024,Great Western Railway,"137,658","3,090","7,094","8,639",[x],[x],[x],[x],6.3,4.8,,,,
Jan to Mar 2025,Great Western Railway,"138,274","2,054","3,659","4,686",[x],[x],[x],[x],3.4,4.6,,,,
Apr to Jun 2025,Great Western Railway,"141,160","2,489","4,370","5,615",[x],[x],[x],[x],4.0,4.6,,,,
Jul to Sep 2025,Great Western Railway,"142,904","2,969","4,317","5,802",[x],[x],[x],[x],4.1,4.4,,,,
Apr to Jun 2019,Greater Anglia,"108,616",894,"1,799","2,246",[x],[x],[x],[x],2.1,[z],,,,
Jul to Sep 2019,Greater Anglia,"112,221","1,279","3,089","3,728",[x],[x],[x],[x],3.3,[z],,,,
Oct to Dec 2019,Greater Anglia,"112,089","1,133","3,280","3,847",[x],[x],[x],[x],3.4,[z],,,,
Jan to Mar 2020,Greater Anglia,"105,687","1,553","3,379","4,156",[x],[x],[x],[x],3.9,3.2,,,,
Apr to Jun 2020,Greater Anglia,"82,593",643,867,"1,189",[x],[x],[x],[x],1.4,3.1,,,,
Jul to Sep 2020,Greater Anglia,"107,202","1,047","1,477","2,001",[x],[x],[x],[x],1.9,2.7,,,,
Oct to Dec 2020,Greater Anglia,"105,597",966,"1,683","2,166",[x],[x],[x],[x],2.1,2.4,,,,
Jan to Mar 2021,Greater Anglia,"88,704",848,"1,369","1,793",[x],[x],[x],[x],2.0,1.9,,,,
Apr to Jun 2021,Greater Anglia,"97,944",856,"1,072","1,500",[x],[x],[x],[x],1.5,1.9,,,,
Jul to Sep 2021,Greater Anglia,"105,405",794,"1,343","1,739",[x],[x],[x],[x],1.7,1.8,,,,
Oct to Dec 2021,Greater Anglia,"107,014",889,"1,420","1,865",[x],[x],[x],[x],1.7,1.7,,,,
Jan to Mar 2022,Greater Anglia,"95,059",663,"1,985","2,317",[x],[x],[x],[x],2.4,1.8,,,,
Apr to Jun 2022,Greater Anglia,"99,590",704,"1,132","1,484",[x],[x],[x],[x],1.5,1.8,,,,
Jul to Sep 2022,Greater Anglia,"96,582",895,"1,443","1,891",[x],[x],[x],[x],2.0,1.9,,,,
Oct to Dec 2022,Greater Anglia,"90,426",688,"1,111","1,455",[x],[x],[x],[x],1.6,1.9,,,,
Jan to Mar 2023,Greater Anglia,"95,228",592,732,"1,028",[x],[x],[x],[x],1.1,1.5,,,,
Apr to Jun 2023,Greater Anglia,"100,705",739,"1,041","1,410",[x],[x],[x],[x],1.4,1.5,,,,
Jul to Sep 2023,Greater Anglia,"101,126",809,"1,109","1,514",[x],[x],[x],[x],1.5,1.4,,,,
Oct to Dec 2023,Greater Anglia,"103,311",751,"1,293","1,669",[x],[x],[x],[x],1.6,1.4,,,,
Jan to Mar 2024,Greater Anglia,"105,462","1,349","1,278","1,952",[x],[x],[x],[x],1.9,1.6,,,,
Apr to Jun 2024,Greater Anglia,"107,889",829,"1,283","1,697",[x],[x],[x],[x],1.6,1.6,,,,
Jul to Sep 2024,Greater Anglia,"109,841","1,006","1,407","1,910",[x],[x],[x],[x],1.7,1.7,,,,
Oct to Dec 2024,Greater Anglia,"108,895",909,"1,494","1,949",[x],[x],[x],[x],1.8,1.7,,,,
Jan to Mar 2025,Greater Anglia,"107,962",899,"1,680","2,130",[x],[x],[x],[x],2.0,1.8,,,,
Apr to Jun 2025,Greater Anglia,"111,193",920,"1,251","1,711",[x],[x],[x],[x],1.5,1.8,,,,
Jul to Sep 2025,Greater Anglia,"113,205",984,"1,465","1,957",[x],[x],[x],[x],1.7,1.8,,,,
Apr to Jun 2019,Heathrow Express,"13,621",11,185,190,[x],[x],[x],[x],1.4,[z],,,,
Jul to Sep 2019,Heathrow Express,"13,782",32,181,197,[x],[x],[x],[x],1.4,[z],,,,
Oct to Dec 2019,Heathrow Express,"13,715",25,335,348,[x],[x],[x],[x],2.5,[z],,,,
Jan to Mar 2020,Heathrow Express,"12,854",8,364,368,[x],[x],[x],[x],2.9,2.0,,,,
Apr to Jun 2020,Heathrow Express,"6,905",5,133,136,[x],[x],[x],[x],2.0,2.2,,,,
Jul to Sep 2020,Heathrow Express,"6,991",9,42,46,[x],[x],[x],[x],0.7,2.2,,,,
Oct to Dec 2020,Heathrow Express,"6,790",21,84,94,[x],[x],[x],[x],1.4,1.9,,,,
Jan to Mar 2021,Heathrow Express,"8,796",94,264,311,[x],[x],[x],[x],3.5,2.0,,,,
Apr to Jun 2021,Heathrow Express,"13,353",66,528,561,[x],[x],[x],[x],4.2,2.8,,,,
Jul to Sep 2021,Heathrow Express,"13,758",64,436,468,[x],[x],[x],[x],3.4,3.4,,,,
Oct to Dec 2021,Heathrow Express,"13,410",40,466,486,[x],[x],[x],[x],3.6,3.7,,,,
Jan to Mar 2022,Heathrow Express,"13,237",33,495,511,[x],[x],[x],[x],3.9,3.8,,,,
Apr to Jun 2022,Heathrow Express,"13,210",30,509,524,[x],[x],[x],[x],4.0,3.7,,,,
Jul to Sep 2022,Heathrow Express,"13,008",22,551,562,[x],[x],[x],[x],4.3,3.9,,,,
Oct to Dec 2022,Heathrow Express,"12,295",44,648,670,[x],[x],[x],[x],5.5,4.4,,,,
Jan to Mar 2023,Heathrow Express,"12,910",28,471,485,[x],[x],[x],[x],3.8,4.4,,,,
Apr to Jun 2023,Heathrow Express,"13,156",17,209,218,[x],[x],[x],[x],1.7,3.8,,,,
Jul to Sep 2023,Heathrow Express,"13,412",12,459,465,[x],[x],[x],[x],3.5,3.5,,,,
Oct to Dec 2023,Heathrow Express,"13,148",14,761,768,[x],[x],[x],[x],5.8,3.7,,,,
Jan to Mar 2024,Heathrow Express,"13,021",10,441,446,[x],[x],[x],[x],3.4,3.6,,,,
Apr to Jun 2024,Heathrow Express,"13,040",27,388,402,[x],[x],[x],[x],3.1,4.0,,,,
Jul to Sep 2024,Heathrow Express,"13,612",18,654,663,[x],[x],[x],[x],4.9,4.3,,,,
Oct to Dec 2024,Heathrow Express,"12,897",17,464,472,[x],[x],[x],[x],3.7,3.8,,,,
Jan to Mar 2025,Heathrow Express,"13,242",9,423,428,[x],[x],[x],[x],3.2,3.7,,,,
Apr to Jun 2025,Heathrow Express,"13,205",11,348,354,[x],[x],[x],[x],2.7,3.6,,,,
Jul to Sep 2025,Heathrow Express,"13,890",6,372,375,[x],[x],[x],[x],2.7,3.1,,,,
Apr to Jun 2019,Hull Trains,"1,143",22,31,42,[x],[x],[x],[x],3.7,[z],,,,
Jul to Sep 2019,Hull Trains,"1,135",23,49,61,[x],[x],[x],[x],5.3,[z],,,,
Oct to Dec 2019,Hull Trains,"1,165",28,24,38,[x],[x],[x],[x],3.3,[z],,,,
Jan to Mar 2020,Hull Trains [note 3],"1,020",18,6,15,[x],[x],[x],[x],1.5,3.5,,,,
Apr to Jun 2020,Hull Trains [note 3],0,0,0,0,[x],[x],[x],[x],0.0,3.4,,,,
Jul to Sep 2020,Hull Trains [note 3],173,1,7,7,[x],[x],[x],[x],4.3,2.6,,,,
Oct to Dec 2020,Hull Trains [note 3],293,4,4,6,[x],[x],[x],[x],2.0,1.9,,,,
Jan to Mar 2021,Hull Trains [note 3],40,0,1,1,[x],[x],[x],[x],2.8,2.9,,,,
Apr to Jun 2021,Hull Trains [note 3],607,4,11,13,[x],[x],[x],[x],2.2,2.5,,,,
Jul to Sep 2021,Hull Trains,"1,058",14,18,25,[x],[x],[x],[x],2.4,2.3,,,,
Oct to Dec 2021,Hull Trains,"1,034",14,12,19,[x],[x],[x],[x],1.8,2.1,,,,
Jan to Mar 2022,Hull Trains,"1,020",10,14,19,[x],[x],[x],[x],1.8,2.0,,,,
Apr to Jun 2022,Hull Trains,"1,150",17,12,21,[x],[x],[x],[x],1.8,2.0,,,,
Jul to Sep 2022,Hull Trains,"1,108",19,43,53,[x],[x],[x],[x],4.7,2.6,,,,
Oct to Dec 2022,Hull Trains,"1,113",18,25,33,[x],[x],[x],[x],3.0,2.9,,,,
Jan to Mar 2023,Hull Trains,"1,160",24,3,15,[x],[x],[x],[x],1.3,2.7,,,,
Apr to Jun 2023,Hull Trains,"1,185",19,10,20,[x],[x],[x],[x],1.7,2.7,,,,
Jul to Sep 2023,Hull Trains,"1,212",15,5,12,[x],[x],[x],[x],1.0,1.7,,,,
Oct to Dec 2023,Hull Trains,"1,188",25,39,51,[x],[x],[x],[x],4.3,2.1,,,,
Jan to Mar 2024,Hull Trains,"1,131",18,15,24,[x],[x],[x],[x],2.2,2.3,,,,
Apr to Jun 2024,Hull Trains,"1,208",16,5,13,[x],[x],[x],[x],1.1,2.1,,,,
Jul to Sep 2024,Hull Trains,"1,214",36,10,28,[x],[x],[x],[x],2.3,2.5,,,,
Oct to Dec 2024,Hull Trains,"1,154",52,9,35,[x],[x],[x],[x],3.0,2.1,,,,
Jan to Mar 2025,Hull Trains,"1,153",16,6,14,[x],[x],[x],[x],1.2,1.9,,,,
Apr to Jun 2025,Hull Trains,"1,036",18,14,22,[x],[x],[x],[x],2.2,2.2,,,,
Jul to Sep 2025,Hull Trains,"1,073",16,7,15,[x],[x],[x],[x],1.4,2.0,,,,
Apr to Jun 2019,London North Eastern Railway,"13,315",167,252,336,[x],[x],[x],[x],2.5,[z],,,,
Jul to Sep 2019,London North Eastern Railway,"13,391",193,341,438,[x],[x],[x],[x],3.3,[z],,,,
Oct to Dec 2019,London North Eastern Railway,"13,099",245,360,482,[x],[x],[x],[x],3.7,[z],,,,
Jan to Mar 2020,London North Eastern Railway,"12,843",281,202,342,[x],[x],[x],[x],2.7,3.0,,,,
Apr to Jun 2020,London North Eastern Railway,"7,419",30,16,31,[x],[x],[x],[x],0.4,2.8,,,,
Jul to Sep 2020,London North Eastern Railway,"10,865",127,166,229,[x],[x],[x],[x],2.1,2.5,,,,
Oct to Dec 2020,London North Eastern Railway,"11,000",164,215,297,[x],[x],[x],[x],2.7,2.1,,,,
Jan to Mar 2021,London North Eastern Railway,"10,462",187,289,383,[x],[x],[x],[x],3.7,2.4,,,,
Apr to Jun 2021,London North Eastern Railway,"12,015",182,269,360,[x],[x],[x],[x],3.0,2.9,,,,
Jul to Sep 2021,London North Eastern Railway,"12,969",165,263,345,[x],[x],[x],[x],2.7,3.0,,,,
Oct to Dec 2021,London North Eastern Railway,"12,748",252,283,409,[x],[x],[x],[x],3.2,3.1,,,,
Jan to Mar 2022,London North Eastern Railway,"12,943",207,342,445,[x],[x],[x],[x],3.4,3.1,,,,
Apr to Jun 2022,London North Eastern Railway,"13,663",150,210,285,[x],[x],[x],[x],2.1,2.8,,,,
Jul to Sep 2022,London North Eastern Railway,"13,197",356,686,863,[x],[x],[x],[x],6.5,3.8,,,,
Oct to Dec 2022,London North Eastern Railway,"12,100",374,495,682,[x],[x],[x],[x],5.6,4.4,,,,
Jan to Mar 2023,London North Eastern Railway,"12,646",273,311,447,[x],[x],[x],[x],3.5,4.4,,,,
Apr to Jun 2023,London North Eastern Railway,"13,208",236,306,424,[x],[x],[x],[x],3.2,4.7,,,,
Jul to Sep 2023,London North Eastern Railway,"13,344",223,227,338,[x],[x],[x],[x],2.5,3.7,,,,
Oct to Dec 2023,London North Eastern Railway,"13,302",588,901,"1,195",[x],[x],[x],[x],9.0,4.6,,,,
Jan to Mar 2024,London North Eastern Railway,"12,956",295,460,607,[x],[x],[x],[x],4.7,4.9,,,,
Apr to Jun 2024,London North Eastern Railway,"13,666",328,359,523,[x],[x],[x],[x],3.8,5.0,,,,
Jul to Sep 2024,London North Eastern Railway,"13,803",361,564,744,[x],[x],[x],[x],5.4,5.7,,,,
Oct to Dec 2024,London North Eastern Railway,"13,788",254,319,446,[x],[x],[x],[x],3.2,4.3,,,,
Jan to Mar 2025,London North Eastern Railway,"14,578",212,293,398,[x],[x],[x],[x],2.7,3.8,,,,
Apr to Jun 2025,London North Eastern Railway,"15,086",181,231,322,[x],[x],[x],[x],2.1,3.3,,,,
Jul to Sep 2025,London North Eastern Railway,"15,227",267,294,428,[x],[x],[x],[x],2.8,2.7,,,,
Apr to Jun 2019,London Overground,"127,189","2,397","2,769","3,968",[x],[x],[x],[x],3.1,[z],,,,
Jul to Sep 2019,London Overground,"131,327","3,029","3,607","5,121",[x],[x],[x],[x],3.9,[z],,,,
Oct to Dec 2019,London Overground,"134,198","3,529","3,337","5,101",[x],[x],[x],[x],3.8,[z],,,,
Jan to Mar 2020,London Overground,"129,231","4,064","3,598","5,630",[x],[x],[x],[x],4.4,3.8,,,,
Apr to Jun 2020,London Overground,"85,140",948,"1,273","1,747",[x],[x],[x],[x],2.1,3.7,,,,
Jul to Sep 2020,London Overground,"109,922","1,461","1,790","2,520",[x],[x],[x],[x],2.3,3.3,,,,
Oct to Dec 2020,London Overground,"126,706","1,853","2,155","3,082",[x],[x],[x],[x],2.4,2.9,,,,
Jan to Mar 2021,London Overground,"123,369","1,534","1,954","2,721",[x],[x],[x],[x],2.2,2.3,,,,
Apr to Jun 2021,London Overground,"128,384","1,908","1,929","2,883",[x],[x],[x],[x],2.2,2.3,,,,
Jul to Sep 2021,London Overground,"135,206","2,313","2,538","3,695",[x],[x],[x],[x],2.7,2.4,,,,
Oct to Dec 2021,London Overground,"134,880","2,810","2,533","3,938",[x],[x],[x],[x],2.9,2.5,,,,
Jan to Mar 2022,London Overground,"131,478","2,365","2,859","4,042",[x],[x],[x],[x],3.1,2.7,,,,
Apr to Jun 2022,London Overground,"132,748","2,262","2,650","3,780",[x],[x],[x],[x],2.8,2.9,,,,
Jul to Sep 2022,London Overground,"127,612","2,547","3,991","5,265",[x],[x],[x],[x],4.1,3.2,,,,
Oct to Dec 2022,London Overground,"121,066","2,736","3,330","4,698",[x],[x],[x],[x],3.9,3.5,,,,
Jan to Mar 2023,London Overground,"127,181","2,777","2,492","3,880",[x],[x],[x],[x],3.1,3.5,,,,
Apr to Jun 2023,London Overground,"137,764","3,023","2,385","3,897",[x],[x],[x],[x],2.8,3.5,,,,
Jul to Sep 2023,London Overground,"135,390","2,773","2,674","4,060",[x],[x],[x],[x],3.0,3.2,,,,
Oct to Dec 2023,London Overground,"133,679","3,290","2,988","4,633",[x],[x],[x],[x],3.5,3.1,,,,
Jan to Mar 2024,London Overground,"130,221","2,719","2,189","3,549",[x],[x],[x],[x],2.7,3.0,,,,
Apr to Jun 2024,London Overground,"136,236","3,148","3,284","4,858",[x],[x],[x],[x],3.6,3.2,,,,
Jul to Sep 2024,London Overground,"133,679","3,275","2,653","4,290",[x],[x],[x],[x],3.2,3.2,,,,
Oct to Dec 2024,London Overground,"135,546","3,719","3,787","5,647",[x],[x],[x],[x],4.2,3.4,,,,
Jan to Mar 2025,London Overground,"132,578","2,763","2,407","3,789",[x],[x],[x],[x],2.9,3.5,,,,
Apr to Jun 2025,London Overground,"138,486","3,645","3,506","5,328",[x],[x],[x],[x],3.8,3.5,,,,
Jul to Sep 2025,London Overground,"140,498","3,538","2,981","4,750",[x],[x],[x],[x],3.4,3.6,,,,
Oct to Dec 2021,Lumo [note 4],262,6,7,10,[x],[x],[x],[x],3.8,[z],,,,
Jan to Mar 2022,Lumo,606,4,14,16,[x],[x],[x],[x],2.6,[z],,,,
Apr to Jun 2022,Lumo,901,8,16,20,[x],[x],[x],[x],2.2,[z],,,,
Jul to Sep 2022,Lumo,870,24,30,42,[x],[x],[x],[x],4.8,3.3,,,,
Oct to Dec 2022,Lumo,817,23,14,26,[x],[x],[x],[x],3.1,3.2,,,,
Jan to Mar 2023,Lumo,897,12,16,22,[x],[x],[x],[x],2.4,3.1,,,,
Apr to Jun 2023,Lumo,914,6,16,19,[x],[x],[x],[x],2.1,3.1,,,,
Jul to Sep 2023,Lumo,920,11,6,11,[x],[x],[x],[x],1.2,2.2,,,,
Oct to Dec 2023,Lumo,903,19,38,48,[x],[x],[x],[x],5.3,2.8,,,,
Jan to Mar 2024,Lumo,911,9,14,18,[x],[x],[x],[x],2.0,2.7,,,,
Apr to Jun 2024,Lumo,918,5,3,5,[x],[x],[x],[x],0.6,2.3,,,,
Jul to Sep 2024,Lumo,910,7,10,13,[x],[x],[x],[x],1.5,2.3,,,,
Oct to Dec 2024,Lumo,877,7,6,9,[x],[x],[x],[x],1.0,1.3,,,,
Jan to Mar 2025,Lumo,802,7,10,14,[x],[x],[x],[x],1.7,1.2,,,,
Apr to Jun 2025,Lumo,907,10,11,16,[x],[x],[x],[x],1.8,1.5,,,,
Jul to Sep 2025,Lumo,915,6,8,11,[x],[x],[x],[x],1.2,1.4,,,,
Apr to Jun 2019,Merseyrail,"51,985",690,205,550,[x],[x],[x],[x],1.1,[z],,,,
Jul to Sep 2019,Merseyrail,"52,203",671,223,558,[x],[x],[x],[x],1.1,[z],,,,
Oct to Dec 2019,Merseyrail,"51,091",504,255,507,[x],[x],[x],[x],1.0,[z],,,,
Jan to Mar 2020,Merseyrail,"48,550",483,241,483,[x],[x],[x],[x],1.0,1.0,,,,
Apr to Jun 2020,Merseyrail,"25,706",174,50,137,[x],[x],[x],[x],0.5,0.9,,,,
Jul to Sep 2020,Merseyrail,"39,537",327,139,303,[x],[x],[x],[x],0.8,0.9,,,,
Oct to Dec 2020,Merseyrail,"38,326",505,362,614,[x],[x],[x],[x],1.6,1.0,,,,
Jan to Mar 2021,Merseyrail,"33,535",327,383,546,[x],[x],[x],[x],1.6,1.2,,,,
Apr to Jun 2021,Merseyrail,"42,701",387,190,384,[x],[x],[x],[x],0.9,1.2,,,,
Jul to Sep 2021,Merseyrail,"43,558",379,168,357,[x],[x],[x],[x],0.8,1.2,,,,
Oct to Dec 2021,Merseyrail,"43,949",550,412,687,[x],[x],[x],[x],1.6,1.2,,,,
Jan to Mar 2022,Merseyrail,"39,787",383,252,444,[x],[x],[x],[x],1.1,1.1,,,,
Apr to Jun 2022,Merseyrail,"45,508",899,378,827,[x],[x],[x],[x],1.8,1.3,,,,
Jul to Sep 2022,Merseyrail,"50,741",918,687,"1,146",[x],[x],[x],[x],2.3,1.7,,,,
Oct to Dec 2022,Merseyrail,"46,990",807,712,"1,115",[x],[x],[x],[x],2.4,1.9,,,,
Jan to Mar 2023,Merseyrail,"47,640",858,637,"1,066",[x],[x],[x],[x],2.2,2.2,,,,
Apr to Jun 2023,Merseyrail,"50,962",907,667,"1,121",[x],[x],[x],[x],2.2,2.3,,,,
Jul to Sep 2023,Merseyrail,"47,603","1,034",647,"1,164",[x],[x],[x],[x],2.4,2.3,,,,
Oct to Dec 2023,Merseyrail,"46,368","1,406","1,199","1,902",[x],[x],[x],[x],4.1,2.7,,,,
Jan to Mar 2024,Merseyrail,"48,276","1,550","1,018","1,793",[x],[x],[x],[x],3.7,3.1,,,,
Apr to Jun 2024,Merseyrail,"49,912","1,422",929,"1,640",[x],[x],[x],[x],3.3,3.4,,,,
Jul to Sep 2024,Merseyrail,"52,548","1,507",954,"1,707",[x],[x],[x],[x],3.2,3.6,,,,
Oct to Dec 2024,Merseyrail,"50,853","1,296","1,242","1,890",[x],[x],[x],[x],3.7,3.5,,,,
Jan to Mar 2025,Merseyrail,"51,698","1,588","1,376","2,170",[x],[x],[x],[x],4.2,3.6,,,,
Apr to Jun 2025,Merseyrail,"53,218","1,367",757,"1,440",[x],[x],[x],[x],2.7,3.5,,,,
Jul to Sep 2025,Merseyrail,"53,743","1,263",917,"1,548",[x],[x],[x],[x],2.9,3.4,,,,
Apr to Jun 2019,Northern Trains,"241,164","3,121","4,154","5,714",[x],[x],[x],[x],2.4,[z],,,,
Jul to Sep 2019,Northern Trains,"241,950","4,593","6,635","8,932",[x],[x],[x],[x],3.7,[z],,,,
Oct to Dec 2019,Northern Trains,"233,540","6,053","10,854","13,880",[x],[x],[x],[x],5.9,[z],,,,
Jan to Mar 2020,Northern Trains,"222,704","4,436","7,751","9,969",[x],[x],[x],[x],4.5,4.1,,,,
Apr to Jun 2020,Northern Trains,"127,964",614,440,747,[x],[x],[x],[x],0.6,4.1,,,,
Jul to Sep 2020,Northern Trains,"167,843",988,"1,074","1,568",[x],[x],[x],[x],0.9,3.5,,,,
Oct to Dec 2020,Northern Trains,"197,512","1,958","2,409","3,389",[x],[x],[x],[x],1.7,2.2,,,,
Jan to Mar 2021,Northern Trains,"166,285","1,710","2,295","3,150",[x],[x],[x],[x],1.9,1.3,,,,
Apr to Jun 2021,Northern Trains,"184,391","1,813","2,010","2,916",[x],[x],[x],[x],1.6,1.5,,,,
Jul to Sep 2021,Northern Trains,"202,453","2,608","3,664","4,968",[x],[x],[x],[x],2.5,1.9,,,,
Oct to Dec 2021,Northern Trains,"202,413","3,685","5,791","7,633",[x],[x],[x],[x],3.8,2.5,,,,
Jan to Mar 2022,Northern Trains,"184,499","3,805","8,125","10,028",[x],[x],[x],[x],5.4,3.3,,,,
Apr to Jun 2022,Northern Trains,"178,203","3,159","5,283","6,862",[x],[x],[x],[x],3.9,3.8,,,,
Jul to Sep 2022,Northern Trains,"171,529","3,713","5,108","6,964",[x],[x],[x],[x],4.1,4.3,,,,
Oct to Dec 2022,Northern Trains,"151,528","3,643","5,509","7,330",[x],[x],[x],[x],4.8,4.5,,,,
Jan to Mar 2023,Northern Trains,"195,199","3,595","6,358","8,156",[x],[x],[x],[x],4.2,4.2,,,,
Apr to Jun 2023,Northern Trains,"203,191","3,713","6,955","8,812",[x],[x],[x],[x],4.3,4.3,,,,
Jul to Sep 2023,Northern Trains,"197,823","4,034","8,967","10,984",[x],[x],[x],[x],5.6,4.7,,,,
Oct to Dec 2023,Northern Trains,"203,127","5,834","12,259","15,176",[x],[x],[x],[x],7.5,5.4,,,,
Jan to Mar 2024,Northern Trains,"203,831","3,595","5,821","7,618",[x],[x],[x],[x],3.7,5.3,,,,
Apr to Jun 2024,Northern Trains,"202,115","3,886","8,016","9,959",[x],[x],[x],[x],4.9,5.4,,,,
Jul to Sep 2024,Northern Trains,"212,287","5,013","11,199","13,705",[x],[x],[x],[x],6.5,5.7,,,,
Oct to Dec 2024,Northern Trains,"206,101","6,024","13,390","16,402",[x],[x],[x],[x],8.0,5.8,,,,
Jan to Mar 2025,Northern Trains,"215,581","4,373","6,614","8,800",[x],[x],[x],[x],4.1,5.8,,,,
Apr to Jun 2025,Northern Trains,"221,579","3,842","5,357","7,278",[x],[x],[x],[x],3.3,5.4,,,,
Jul to Sep 2025,Northern Trains,"222,410","4,738","6,363","8,733",[x],[x],[x],[x],3.9,4.8,,,,
Apr to Jun 2019,ScotRail,"203,705","2,267","4,604","5,737",[x],[x],[x],[x],2.8,[z],,,,
Jul to Sep 2019,ScotRail,"203,490","2,280","3,474","4,614",[x],[x],[x],[x],2.3,[z],,,,
Oct to Dec 2019,ScotRail,"197,210","2,796","3,688","5,086",[x],[x],[x],[x],2.6,[z],,,,
Jan to Mar 2020,ScotRail,"192,150","2,310","3,260","4,415",[x],[x],[x],[x],2.3,2.5,,,,
Apr to Jun 2020,ScotRail,"99,955",541,772,"1,042",[x],[x],[x],[x],1.0,2.2,,,,
Jul to Sep 2020,ScotRail,"165,080","1,412","3,306","4,012",[x],[x],[x],[x],2.4,2.2,,,,
Oct to Dec 2020,ScotRail,"178,988","2,036","2,611","3,629",[x],[x],[x],[x],2.0,2.1,,,,
Jan to Mar 2021,ScotRail,"145,122","1,910","2,649","3,604",[x],[x],[x],[x],2.5,2.1,,,,
Apr to Jun 2021,ScotRail,"145,767","1,187","1,846","2,439",[x],[x],[x],[x],1.7,2.2,,,,
Jul to Sep 2021,ScotRail,"158,116","1,657","3,397","4,225",[x],[x],[x],[x],2.7,2.2,,,,
Oct to Dec 2021,ScotRail,"161,310","2,242","4,765","5,886",[x],[x],[x],[x],3.6,2.6,,,,
Jan to Mar 2022,ScotRail,"159,413","1,807","3,735","4,639",[x],[x],[x],[x],2.9,2.8,,,,
Apr to Jun 2022,ScotRail,"142,333","1,278","2,873","3,512",[x],[x],[x],[x],2.5,2.9,,,,
Jul to Sep 2022,ScotRail,"160,070","1,543","2,910","3,681",[x],[x],[x],[x],2.3,2.8,,,,
Oct to Dec 2022,ScotRail,"155,308","2,206","6,234","7,337",[x],[x],[x],[x],4.7,3.1,,,,
Jan to Mar 2023,ScotRail,"172,948","1,617","3,027","3,836",[x],[x],[x],[x],2.2,2.9,,,,
Apr to Jun 2023,ScotRail,"179,405","1,677","2,701","3,540",[x],[x],[x],[x],2.0,2.8,,,,
Jul to Sep 2023,ScotRail,"179,020","1,583","3,037","3,828",[x],[x],[x],[x],2.1,2.7,,,,
Oct to Dec 2023,ScotRail,"173,635","2,213","4,532","5,639",[x],[x],[x],[x],3.2,2.4,,,,
Jan to Mar 2024,ScotRail,"176,481","1,619","2,801","3,610",[x],[x],[x],[x],2.0,2.3,,,,
Apr to Jun 2024,ScotRail,"183,878","1,393","2,646","3,342",[x],[x],[x],[x],1.8,2.3,,,,
Jul to Sep 2024,ScotRail,"145,167","1,201","2,200","2,801",[x],[x],[x],[x],1.9,2.3,,,,
Oct to Dec 2024,ScotRail,"178,763","2,150","3,709","4,784",[x],[x],[x],[x],2.7,2.1,,,,
Jan to Mar 2025,ScotRail,"175,577","1,585","2,479","3,271",[x],[x],[x],[x],1.9,2.1,,,,
Apr to Jun 2025,ScotRail,"186,881","1,610","2,259","3,064",[x],[x],[x],[x],1.6,2.0,,,,
Jul to Sep 2025,ScotRail,"188,624","1,951","3,595","4,570",[x],[x],[x],[x],2.4,2.1,,,,
Apr to Jun 2019,South Western Railway,"149,605","3,061","2,211","3,742",[x],[x],[x],[x],2.5,[z],,,,
Jul to Sep 2019,South Western Railway,"156,086","4,077","3,283","5,321",[x],[x],[x],[x],3.4,[z],,,,
Oct to Dec 2019,South Western Railway,"132,752","4,151","3,633","5,708",[x],[x],[x],[x],4.3,[z],,,,
Jan to Mar 2020,South Western Railway,"144,019","4,155","5,210","7,288",[x],[x],[x],[x],5.1,3.8,,,,
Apr to Jun 2020,South Western Railway,"98,979",749,681,"1,055",[x],[x],[x],[x],1.1,3.6,,,,
Jul to Sep 2020,South Western Railway,"131,960","1,644","1,529","2,351",[x],[x],[x],[x],1.8,3.2,,,,
Oct to Dec 2020,South Western Railway,"134,479","1,927","2,465","3,429",[x],[x],[x],[x],2.5,2.8,,,,
Jan to Mar 2021,South Western Railway,"114,237","1,543","1,257","2,029",[x],[x],[x],[x],1.8,1.8,,,,
Apr to Jun 2021,South Western Railway,"125,820","2,694","1,868","3,215",[x],[x],[x],[x],2.6,2.2,,,,
Jul to Sep 2021,South Western Railway,"134,950","2,181","1,927","3,017",[x],[x],[x],[x],2.2,2.3,,,,
Oct to Dec 2021,South Western Railway,"133,429","2,422","2,657","3,868",[x],[x],[x],[x],2.9,2.4,,,,
Jan to Mar 2022,South Western Railway,"126,771","2,063","3,431","4,462",[x],[x],[x],[x],3.5,2.8,,,,
Apr to Jun 2022,South Western Railway,"131,567","2,205","1,611","2,714",[x],[x],[x],[x],2.1,2.7,,,,
Jul to Sep 2022,South Western Railway,"134,337","2,480","2,094","3,334",[x],[x],[x],[x],2.5,2.7,,,,
Oct to Dec 2022,South Western Railway,"115,854","2,772","2,247","3,634",[x],[x],[x],[x],3.1,2.8,,,,
Jan to Mar 2023,South Western Railway,"128,762","2,445","2,935","4,158",[x],[x],[x],[x],3.2,2.7,,,,
Apr to Jun 2023,South Western Railway,"138,859","2,861","3,047","4,477",[x],[x],[x],[x],3.2,3.0,,,,
Jul to Sep 2023,South Western Railway,"126,537","2,268","1,646","2,780",[x],[x],[x],[x],2.2,3.0,,,,
Oct to Dec 2023,South Western Railway,"137,154","3,922","4,299","6,259",[x],[x],[x],[x],4.6,3.3,,,,
Jan to Mar 2024,South Western Railway,"136,073","3,354","2,852","4,530",[x],[x],[x],[x],3.3,3.4,,,,
Apr to Jun 2024,South Western Railway,"137,288","3,058","2,746","4,275",[x],[x],[x],[x],3.1,3.3,,,,
Jul to Sep 2024,South Western Railway,"141,873","3,762","3,328","5,209",[x],[x],[x],[x],3.7,3.7,,,,
Oct to Dec 2024,South Western Railway,"140,638","4,751","4,312","6,687",[x],[x],[x],[x],4.8,3.7,,,,
Jan to Mar 2025,South Western Railway,"139,626","3,105","2,584","4,136",[x],[x],[x],[x],3.0,3.6,,,,
Apr to Jun 2025,South Western Railway,"141,707","3,950","2,799","4,774",[x],[x],[x],[x],3.4,3.7,,,,
Jul to Sep 2025,South Western Railway,"141,923","3,838","3,946","5,865",[x],[x],[x],[x],4.1,3.8,,,,
Apr to Jun 2019,Southeastern,"162,314","2,828","1,687","3,102",[x],[x],[x],[x],1.9,[z],,,,
Jul to Sep 2019,Southeastern,"161,367","3,385","1,740","3,433",[x],[x],[x],[x],2.1,[z],,,,
Oct to Dec 2019,Southeastern,"156,839","4,370","2,300","4,486",[x],[x],[x],[x],2.9,[z],,,,
Jan to Mar 2020,Southeastern,"153,077","4,152","2,379","4,455",[x],[x],[x],[x],2.9,2.4,,,,
Apr to Jun 2020,Southeastern,"112,369","1,172",627,"1,213",[x],[x],[x],[x],1.1,2.3,,,,
Jul to Sep 2020,Southeastern,"142,603","2,227","1,271","2,385",[x],[x],[x],[x],1.7,2.2,,,,
Oct to Dec 2020,Southeastern,"145,551","2,798","1,432","2,831",[x],[x],[x],[x],1.9,2.0,,,,
Jan to Mar 2021,Southeastern,"127,355","2,134","1,891","2,959",[x],[x],[x],[x],2.3,1.8,,,,
Apr to Jun 2021,Southeastern,"124,136","1,811",910,"1,815",[x],[x],[x],[x],1.5,1.9,,,,
Jul to Sep 2021,Southeastern,"132,037","2,151","1,462","2,537",[x],[x],[x],[x],1.9,1.9,,,,
Oct to Dec 2021,Southeastern,"134,159","2,911","1,831","3,287",[x],[x],[x],[x],2.4,2.0,,,,
Jan to Mar 2022,Southeastern,"133,599","2,425","2,891","4,104",[x],[x],[x],[x],3.1,2.2,,,,
Apr to Jun 2022,Southeastern,"134,488","2,346","1,182","2,355",[x],[x],[x],[x],1.8,2.3,,,,
Jul to Sep 2022,Southeastern,"130,140","2,589","1,787","3,081",[x],[x],[x],[x],2.4,2.4,,,,
Oct to Dec 2022,Southeastern,"121,040","3,231","3,135","4,751",[x],[x],[x],[x],3.9,2.8,,,,
Jan to Mar 2023,Southeastern,"126,299","3,307","2,335","3,988",[x],[x],[x],[x],3.2,2.8,,,,
Apr to Jun 2023,Southeastern,"130,074","2,361","1,015","2,195",[x],[x],[x],[x],1.7,2.8,,,,
Jul to Sep 2023,Southeastern,"133,052","2,307","1,246","2,399",[x],[x],[x],[x],1.8,2.6,,,,
Oct to Dec 2023,Southeastern,"135,335","2,748","2,266","3,639",[x],[x],[x],[x],2.7,2.3,,,,
Jan to Mar 2024,Southeastern,"137,388","2,881","1,646","3,087",[x],[x],[x],[x],2.2,2.1,,,,
Apr to Jun 2024,Southeastern,"138,844","2,089","1,214","2,258",[x],[x],[x],[x],1.6,2.1,,,,
Jul to Sep 2024,Southeastern,"142,893","3,209","1,800","3,405",[x],[x],[x],[x],2.4,2.2,,,,
Oct to Dec 2024,Southeastern,"138,181","3,989","2,521","4,516",[x],[x],[x],[x],3.3,2.4,,,,
Jan to Mar 2025,Southeastern,"141,308","3,392","1,654","3,350",[x],[x],[x],[x],2.4,2.4,,,,
Apr to Jun 2025,Southeastern,"143,169","2,910","1,616","3,071",[x],[x],[x],[x],2.1,2.5,,,,
Jul to Sep 2025,Southeastern,"146,291","3,015","2,049","3,556",[x],[x],[x],[x],2.4,2.5,,,,
Apr to Jun 2019,TfW Rail,"84,695","1,275",767,"1,404",[x],[x],[x],[x],1.7,[z],,,,
Jul to Sep 2019,TfW Rail,"86,831","1,964","1,207","2,189",[x],[x],[x],[x],2.5,[z],,,,
Oct to Dec 2019,TfW Rail,"83,609","2,459","1,650","2,879",[x],[x],[x],[x],3.4,[z],,,,
Jan to Mar 2020,TfW Rail,"83,136","2,232","1,808","2,924",[x],[x],[x],[x],3.5,2.8,,,,
Apr to Jun 2020,TfW Rail,"44,991",286,233,376,[x],[x],[x],[x],0.8,2.8,,,,
Jul to Sep 2020,TfW Rail,"61,136",793,615,"1,011",[x],[x],[x],[x],1.7,2.6,,,,
Oct to Dec 2020,TfW Rail,"60,382",802,904,"1,305",[x],[x],[x],[x],2.2,2.2,,,,
Jan to Mar 2021,TfW Rail,"51,824",823,784,"1,196",[x],[x],[x],[x],2.3,1.8,,,,
Apr to Jun 2021,TfW Rail,"63,054","1,101",724,"1,275",[x],[x],[x],[x],2.0,2.0,,,,
Jul to Sep 2021,TfW Rail,"63,417","1,300",914,"1,564",[x],[x],[x],[x],2.5,2.2,,,,
Oct to Dec 2021,TfW Rail,"69,268","2,398","3,670","4,869",[x],[x],[x],[x],7.0,3.6,,,,
Jan to Mar 2022,TfW Rail,"63,704","1,751","1,740","2,616",[x],[x],[x],[x],4.1,4.0,,,,
Apr to Jun 2022,TfW Rail,"74,526","1,718","1,442","2,301",[x],[x],[x],[x],3.1,4.2,,,,
Jul to Sep 2022,TfW Rail,"80,556","2,217","1,943","3,051",[x],[x],[x],[x],3.8,4.5,,,,
Oct to Dec 2022,TfW Rail,"74,909","2,646","2,481","3,804",[x],[x],[x],[x],5.1,4.0,,,,
Jan to Mar 2023,TfW Rail,"78,691","2,731","3,237","4,602",[x],[x],[x],[x],5.8,4.5,,,,
Apr to Jun 2023,TfW Rail,"71,652","2,985","3,655","5,148",[x],[x],[x],[x],7.2,5.4,,,,
Jul to Sep 2023,TfW Rail,"81,831","2,809","2,286","3,691",[x],[x],[x],[x],4.5,5.6,,,,
Oct to Dec 2023,TfW Rail,"77,870","3,510","2,582","4,337",[x],[x],[x],[x],5.6,5.7,,,,
Jan to Mar 2024,TfW Rail,"83,484","2,158","1,673","2,752",[x],[x],[x],[x],3.3,5.1,,,,
Apr to Jun 2024,TfW Rail,"90,896","2,925","2,299","3,761",[x],[x],[x],[x],4.1,4.4,,,,
Jul to Sep 2024,TfW Rail,"91,936","3,608","2,968","4,772",[x],[x],[x],[x],5.2,4.5,,,,
Oct to Dec 2024,TfW Rail,"86,048","4,129","4,477","6,541",[x],[x],[x],[x],7.6,5.1,,,,
Jan to Mar 2025,TfW Rail,"85,531","3,269","2,238","3,873",[x],[x],[x],[x],4.5,5.3,,,,
Apr to Jun 2025,TfW Rail,"84,823","2,943","2,099","3,571",[x],[x],[x],[x],4.2,5.4,,,,
Jul to Sep 2025,TfW Rail,"91,012","2,447","2,227","3,451",[x],[x],[x],[x],3.8,5.0,,,,
Apr to Jun 2019,TransPennine Express,"29,555","1,114",496,"1,053",[x],[x],[x],[x],3.6,[z],,,,
Jul to Sep 2019,TransPennine Express,"29,862","1,687","1,105","1,948",[x],[x],[x],[x],6.5,[z],,,,
Oct to Dec 2019,TransPennine Express,"29,261","2,286","2,589","3,732",[x],[x],[x],[x],12.8,[z],,,,
Jan to Mar 2020,TransPennine Express,"28,043","1,749","1,520","2,395",[x],[x],[x],[x],8.5,7.8,,,,
Apr to Jun 2020,TransPennine Express,"15,991",221,157,267,[x],[x],[x],[x],1.7,8.1,,,,
Jul to Sep 2020,TransPennine Express,"23,068",348,207,381,[x],[x],[x],[x],1.7,7.0,,,,
Oct to Dec 2020,TransPennine Express,"23,217",433,302,518,[x],[x],[x],[x],2.2,3.9,,,,
Jan to Mar 2021,TransPennine Express,"17,634",485,336,579,[x],[x],[x],[x],3.3,2.2,,,,
Apr to Jun 2021,TransPennine Express,"24,672",343,198,370,[x],[x],[x],[x],1.5,2.1,,,,
Jul to Sep 2021,TransPennine Express,"25,141",408,254,458,[x],[x],[x],[x],1.8,2.1,,,,
Oct to Dec 2021,TransPennine Express,"24,592",722,548,910,[x],[x],[x],[x],3.7,2.5,,,,
Jan to Mar 2022,TransPennine Express,"21,627",615,811,"1,119",[x],[x],[x],[x],5.2,3.0,,,,
Apr to Jun 2022,TransPennine Express,"19,748",536,729,997,[x],[x],[x],[x],5.0,3.8,,,,
Jul to Sep 2022,TransPennine Express,"21,216",765,954,"1,337",[x],[x],[x],[x],6.3,5.0,,,,
Oct to Dec 2022,TransPennine Express,"18,200",695,"1,029","1,376",[x],[x],[x],[x],7.6,6.0,,,,
Jan to Mar 2023,TransPennine Express,"20,020",673,"1,156","1,493",[x],[x],[x],[x],7.5,6.6,,,,
Apr to Jun 2023,TransPennine Express,"22,755",787,836,"1,230",[x],[x],[x],[x],5.4,6.6,,,,
Jul to Sep 2023,TransPennine Express,"24,444",868,771,"1,206",[x],[x],[x],[x],4.9,6.2,,,,
Oct to Dec 2023,TransPennine Express,"25,466","1,025","1,002","1,515",[x],[x],[x],[x],5.9,5.9,,,,
Jan to Mar 2024,TransPennine Express,"25,919",677,446,785,[x],[x],[x],[x],3.0,4.8,,,,
Apr to Jun 2024,TransPennine Express,"26,009",630,466,781,[x],[x],[x],[x],3.0,4.2,,,,
Jul to Sep 2024,TransPennine Express,"27,167",918,638,"1,097",[x],[x],[x],[x],4.0,4.0,,,,
Oct to Dec 2024,TransPennine Express,"27,147",985,973,"1,465",[x],[x],[x],[x],5.4,3.9,,,,
Jan to Mar 2025,TransPennine Express,"28,686","1,050",672,"1,197",[x],[x],[x],[x],4.2,4.2,,,,
Apr to Jun 2025,TransPennine Express,"29,739","1,100",630,"1,180",[x],[x],[x],[x],4.0,4.4,,,,
Jul to Sep 2025,TransPennine Express,"29,807","1,207",732,"1,335",[x],[x],[x],[x],4,4,,,,
Apr to Jun 2019,West Midlands Trains,"109,636","2,473","1,478","2,715",[x],[x],[x],[x],2.5,[z],,,,
Jul to Sep 2019,West Midlands Trains,"110,146","3,884","3,343","5,285",[x],[x],[x],[x],4.8,[z],,,,
Oct to Dec 2019,West Midlands Trains,"106,042","4,979","5,678","8,168",[x],[x],[x],[x],7.7,[z],,,,
Jan to Mar 2020,West Midlands Trains,"106,519","3,278","4,293","5,932",[x],[x],[x],[x],5.6,5.1,,,,
Apr to Jun 2020,West Midlands Trains,"67,335",547,444,718,[x],[x],[x],[x],1.1,5.2,,,,
Jul to Sep 2020,West Midlands Trains,"85,523","1,206","1,335","1,939",[x],[x],[x],[x],2.3,4.6,,,,
Oct to Dec 2020,West Midlands Trains,"94,795","1,520","1,850","2,611",[x],[x],[x],[x],2.8,3.2,,,,
Jan to Mar 2021,West Midlands Trains,"81,298","1,339","1,363","2,033",[x],[x],[x],[x],2.5,2.2,,,,
Apr to Jun 2021,West Midlands Trains,"94,801","1,953","2,491","3,468",[x],[x],[x],[x],3.7,2.8,,,,
Jul to Sep 2021,West Midlands Trains,"99,641","2,131","4,121","5,186",[x],[x],[x],[x],5.2,3.6,,,,
Oct to Dec 2021,West Midlands Trains,"100,026","2,816","4,344","5,752",[x],[x],[x],[x],5.8,4.4,,,,
Jan to Mar 2022,West Midlands Trains,"96,033","2,143","2,965","4,037",[x],[x],[x],[x],4.2,4.7,,,,
Apr to Jun 2022,West Midlands Trains,"93,911","2,157","3,008","4,086",[x],[x],[x],[x],4.4,4.9,,,,
Jul to Sep 2022,West Midlands Trains,"98,258","2,788","3,287","4,681",[x],[x],[x],[x],4.8,4.8,,,,
Oct to Dec 2022,West Midlands Trains,"85,408","2,519","3,061","4,321",[x],[x],[x],[x],5.1,4.6,,,,
Jan to Mar 2023,West Midlands Trains,"87,752","1,930","1,458","2,423",[x],[x],[x],[x],2.8,4.2,,,,
Apr to Jun 2023,West Midlands Trains,"92,055","2,141","2,420","3,490",[x],[x],[x],[x],3.8,4.1,,,,
Jul to Sep 2023,West Midlands Trains,"91,980","2,110","3,015","4,070",[x],[x],[x],[x],4.4,4.0,,,,
Oct to Dec 2023,West Midlands Trains,"93,423","2,786","3,846","5,239",[x],[x],[x],[x],5.6,4.2,,,,
Jan to Mar 2024,West Midlands Trains,"95,961","1,849","2,312","3,237",[x],[x],[x],[x],3.4,4.3,,,,
Apr to Jun 2024,West Midlands Trains,"98,874","2,270","3,211","4,346",[x],[x],[x],[x],4.4,4.4,,,,
Jul to Sep 2024,West Midlands Trains,"103,842","2,758","4,460","5,839",[x],[x],[x],[x],5.6,4.8,,,,
Oct to Dec 2024,West Midlands Trains,"101,121","3,250","4,886","6,511",[x],[x],[x],[x],6.4,5.0,,,,
Jan to Mar 2025,West Midlands Trains,"102,508","2,350","1,898","3,073",[x],[x],[x],[x],3.0,4.9,,,,
Apr to Jun 2025,West Midlands Trains,"104,523","2,355","2,133","3,311",[x],[x],[x],[x],3.2,4.5,,,,
Jul to Sep 2025,West Midlands Trains,"105,012","2,614","2,483","3,790",[x],[x],[x],[x],4,4,,,,
,,,,,,,,,,,,,,,
